{
    "deltableu_en": 12.844201517359252,
    "BERTScore_en": 0.9306333462397257,
    "medcon_f1_en": 0.8281385281385282
}