{
    "deltableu_zh": 38.52978488683522,
    "BERTScore_zh": 0.8207553625106812,
    "medcon_f1_zh": 0.7925925925925926
}