{
    "deltableu_zh": 38.52978488683522,
    "BERTScore_zh": 0.8207553625106812
}