{
    "overall_em": 0.3333333333333333,
    "overall_f1": 0.5555555555555556,
    "en_em": 0.3333333333333333,
    "en_f1": 0.5555555555555556
}